B,M
Politics,Society
Politics,Society
Politics,Politics
Politics,Legal
Society,Science
Nature & Environment,Society
Nature & Environment,Nature & Environment
Professional Life,Professional Life
Finance,Finance
Education,Education
Nature & Environment,Nature & Environment
Society,Society
Professional Life,Professional Life
Society,Society
Society,Society
Professional Life,Science
Politics,Politics
Professional Life,Professional Life
Technology,Technology
Science,Science
Professional Life,Legal
Professional Life,Health
Science,Science
Finance,Finance
Science,Science
Finance,Finance
Technology,Technology
Lifestyle & Recreation,Lifestyle & Recreation
Professional Life,Science
Professional Life,Legal
Health,Science
Finance,Finance
Technology,Technology
Finance,Finance
Science,Science
Nature & Environment,Nature & Environment
Politics,Science
Technology,Professional Life
Nature & Environment,Nature & Environment
Politics,Finance
