B,M
Social media,Social media
News,News
Social media,Social media
Social media,Social media
Social media,Social media
Website,Social media
Social media,Social media
Encyclopaedia,Website
Literary,Social media
Social media,Social media
Social media,Social media
Medical,Medical
Literary,Literary
Social media,Social media
Subtitles,Subtitles
Social media,Social media
Subtitles,Subtitles
Social media,Review
Social media,Social media
Social media,Social media
Review,Review
Review,Review
Website,Social media
Review,Review
Review,Review
Review,Review
Review,Review
Website,Social media
Website,Social media
Website,Social media
Website,Social media
Website,Website
Social media,Website
Review,Review
Review,Review
Website,Website
Website,Website
Website,Social media
News,News
Review,Review
Subtitles,Subtitles
Subtitles,Subtitles
Subtitles,Subtitles
Subtitles,Subtitles
Subtitles,Subtitles
Subtitles,Subtitles
Subtitles,Subtitles
Subtitles,Subtitles
Subtitles,Subtitles
Subtitles,Subtitles